{
    "size" : 256,
    "speed" : 30,
    "numberOfTerms" : 100,
    "x" : [-103.1,-103.30000000000001,-103.4,-103.69999999999999,-104.1,-104.5,-104.9,-105.30000000000001,-105.69999999999999,-105.69999999999999,-104.9,-103.30000000000001,-101.1,-98.30000000000001,-95.1,-91.6,-88,-84.4,-81,-78.1,-75.30000000000001,-73.1,-71.80000000000001,-72.19999999999999,-72.6,-73,-73,-72.1,-70.5,-68.30000000000001,-65.5,-62.400000000000006,-58.900000000000006,-55.19999999999999,-51.599999999999994,-48.19999999999999,-45.099999999999994,-42.39999999999998,-40.89999999999998,-41.60000000000002,-42.30000000000001,-42.89999999999998,-43.60000000000002,-44.30000000000001,-44.900000000000006,-45.599999999999994,-46.30000000000001,-46.900000000000006,-47.599999999999994,-48.19999999999999,-48.900000000000006,-49.599999999999994,-50.19999999999999,-50.900000000000006,-51.599999999999994,-52.19999999999999,-52.900000000000006,-53.599999999999994,-54.19999999999999,-54.30000000000001,-53.5,-51.900000000000006,-49.69999999999999,-46.900000000000006,-43.69999999999999,-40.30000000000001,-36.80000000000001,-34.10000000000002,-30.600000000000023,-27.399999999999977,-24.600000000000023,-22.399999999999977,-20.899999999999977,-19.899999999999977,-19.30000000000001,-18.600000000000023,-17.899999999999977,-17.19999999999999,-16.600000000000023,-15.899999999999977,-15.199999999999989,-14.5,-13.899999999999977,-13.199999999999989,-12.5,-11.800000000000011,-11.199999999999989,-10.5,-9.800000000000011,-9.100000000000023,-8.5,-7.800000000000011,-7.100000000000023,-6.399999999999977,-5.699999999999989,-5.100000000000023,-4.399999999999977,-3.6999999999999886,-3,-2.3999999999999773,-1.6999999999999886,-0.8999999999999773,-0.10000000000002274,0.8000000000000114,1.6000000000000227,2.3999999999999773,3.1999999999999886,4.100000000000023,4.899999999999977,5.699999999999989,6.5,7.300000000000011,8.199999999999989,9,9.800000000000011,10.600000000000023,11.5,12.300000000000011,13.100000000000023,13.899999999999977,14.800000000000011,15.600000000000023,16.399999999999977,17.19999999999999,18,18.899999999999977,19.69999999999999,20.5,21.5,23.100000000000023,25.5,28.399999999999977,31.600000000000023,35.19999999999999,38.80000000000001,42.39999999999998,45.69999999999999,48.69999999999999,51.60000000000002,53.80000000000001,55.19999999999999,55.69999999999999,55.60000000000002,54.89999999999998,54.10000000000002,53.30000000000001,52.39999999999998,51.60000000000002,50.80000000000001,50,49.19999999999999,48.30000000000001,47.5,46.69999999999999,45.89999999999998,45,44.19999999999999,43.39999999999998,42.60000000000002,41.80000000000001,40.89999999999998,40.10000000000002,39.30000000000001,38.5,37.69999999999999,36.80000000000001,36,35.19999999999999,34.39999999999998,33.5,32.69999999999999,31.899999999999977,31.100000000000023,32.69999999999999,35.89999999999998,38.89999999999998,41.60000000000002,43.80000000000001,45.60000000000002,47,48.19999999999999,49.19999999999999,50,50.69999999999999,51.10000000000002,51.39999999999998,51.5,51.30000000000001,50.89999999999998,50.19999999999999,49.19999999999999,48,46.80000000000001,45.39999999999998,43.89999999999998,42.5,41,39.39999999999998,36.89999999999998,34.69999999999999,32.5,30.100000000000023,27.5,24.80000000000001,22,19.100000000000023,16,12.899999999999977,9.600000000000023,6.300000000000011,2.8999999999999773,-0.5,-4,-7.5,-11.100000000000023,-14.699999999999989,-18.30000000000001,-21.899999999999977,-25.5,-29.19999999999999,-32.80000000000001,-36.39999999999998,-40,-43.60000000000002,-47.19999999999999,-50.69999999999999,-54.19999999999999,-57.599999999999994,-61,-64.30000000000001,-67.5,-70.69999999999999,-73.69999999999999,-76.69999999999999,-79.4,-82.1,-84.5,-86.69999999999999,-88.69999999999999,-90.5,-92.1,-93.5,-94.80000000000001,-96,-97.1,-98,-98.9,-99.69999999999999,-100.4,-101,-101.6,-102,-102.4,-102.6,-102.69999999999999,-102.9],
    "y" : [78.80000000000001,75.19999999999999,71.6,68,64.30000000000001,60.69999999999999,57.099999999999994,53.5,49.900000000000006,46.30000000000001,42.69999999999999,39.5,36.599999999999994,34.30000000000001,32.599999999999994,31.599999999999994,31.30000000000001,31.69999999999999,32.900000000000006,34.30000000000001,36.599999999999994,39.5,42,38.400000000000006,34.69999999999999,31.099999999999994,27.5,24,20.69999999999999,17.900000000000006,15.5,13.800000000000011,12.800000000000011,12.5,12.900000000000006,14,15.800000000000011,18.30000000000001,19.30000000000001,15.699999999999989,12.199999999999989,8.599999999999994,5,1.4000000000000057,-2.0999999999999943,-5.699999999999989,-9.300000000000011,-12.800000000000011,-16.400000000000006,-20,-23.5,-27.099999999999994,-30.700000000000003,-34.3,-37.8,-41.400000000000006,-45,-48.5,-52.099999999999994,-55.7,-59.3,-62.5,-65.4,-67.8,-69.5,-70.4,-70.8,-70.8,-69.9,-68.3,-65.9,-63,-59.8,-56.3,-52.7,-49.099999999999994,-45.599999999999994,-42,-38.400000000000006,-34.900000000000006,-31.299999999999997,-27.700000000000003,-24.200000000000003,-20.599999999999994,-17,-13.400000000000006,-9.900000000000006,-6.300000000000011,-2.6999999999999886,0.8000000000000114,4.400000000000006,8,11.5,15.099999999999994,18.69999999999999,22.19999999999999,25.80000000000001,29.400000000000006,32.900000000000006,36.5,40.099999999999994,37.5,34,30.400000000000006,26.900000000000006,23.30000000000001,19.80000000000001,16.30000000000001,12.699999999999989,9.199999999999989,5.699999999999989,2.0999999999999943,-1.4000000000000057,-5,-8.5,-12,-15.599999999999994,-19.099999999999994,-22.599999999999994,-26.200000000000003,-29.700000000000003,-33.2,-36.8,-40.3,-43.900000000000006,-47.400000000000006,-50.900000000000006,-54.5,-58,-61.2,-63.900000000000006,-66.1,-67.7,-68.6,-68.8,-68.2,-66.9,-65.4,-63.099999999999994,-60.3,-56.900000000000006,-53.3,-49.7,-46.099999999999994,-42.599999999999994,-39.099999999999994,-35.5,-32,-28.5,-24.900000000000006,-21.400000000000006,-17.80000000000001,-14.300000000000011,-10.800000000000011,-7.199999999999989,-3.6999999999999886,-0.19999999999998863,3.4000000000000057,6.900000000000006,10.5,14,17.5,21.099999999999994,24.599999999999994,28.099999999999994,31.69999999999999,35.19999999999999,38.80000000000001,42.30000000000001,45.80000000000001,49.400000000000006,52.900000000000006,56.400000000000006,58.80000000000001,60.599999999999994,62.599999999999994,65,67.9,71.1,74.4,77.80000000000001,81.30000000000001,84.9,88.4,92,95.6,99.30000000000001,102.9,106.5,110.10000000000002,113.60000000000002,117,120.39999999999998,123.80000000000001,127.10000000000002,130.39999999999998,133.7,137,139.5,142.5,145.3,148,150.60000000000002,153,155.3,157.5,159.39999999999998,161.2,162.89999999999998,164.39999999999998,165.7,166.8,167.8,168.7,169.39999999999998,170,170.39999999999998,170.7,170.89999999999998,171,170.8,170.60000000000002,170.2,169.60000000000002,168.8,168,166.89999999999998,165.7,164.39999999999998,162.89999999999998,161.3,159.5,157.5,155.39999999999998,153,150.5,147.8,144.89999999999998,141.89999999999998,138.7,135.5,132.10000000000002,128.8,125.30000000000001,121.89999999999998,118.39999999999998,114.80000000000001,111.30000000000001,107.69999999999999,104.1,100.6,97,93.30000000000001,89.69999999999999,86.1,82.5]
}
