{
    "size":200,
    "numberOfTerms": 100,
    "speed": 50,
    "x":[-11.324307632386336,-11.324307632386336,-11.324307632386336,-11.324307632386336,-11.324307632386336,-11.324307632386336,-11.324307632386336,-11.324307632386336,-11.324307632386336,-11.324307632386336,-11.324307632386336,-11.324307632386336,-11.324307632386336,-11.324307632386336,-11.324307632386336,-11.324307632386336,-11.324307632386336,-11.324307632386336,-11.324307632386336,-11.324307632386336,-11.324307632386336,-11.324307632386336,-11.324307632386336,-11.324307632386336,-11.324307632386336,-11.324307632386336,-11.324307632386336,-11.324307632386336,-11.324307632386336,-11.324307632386336,-11.324307632386336,-11.324307632386336,-11.324307632386336,-11.324307632386336,-11.324307632386336,-11.324307632386336,-11.324307632386336,-11.324307632386336,-12.727567575429205,-15.8575645319751,-19.095088462643574,-22.42102873944016,-25.81576727701686,-29.259200126602067,-32.73102899405478,-36.21065327021485,-39.677385970202366,-43.11073445450687,-46.49005492610837,-49.795086880243204,-53.005861330201895,-56.10361854935145,-59.07034920012421,-61.8887997325003,-64.54299063832613,-67.01766580610104,-69.29844907696929,-71.37173087658795,-73.22462502726691,-74.8456057689022,-76.22445377415102,-77.35191064555272,-78.22147661019622,-78.82796912489658,-79.16967147222377,-79.24719907918102,-79.0615560635104,-78.61110668501917,-77.89644477678058,-76.92018320431708,-75.68878934964486,-74.2093568187483,-72.49179722546862,-70.54708028621394,-68.38724461692426,-66.02514400439478,-63.474960262111765,-60.75143664573987,-57.87020716055369,-54.84767239634057,-51.701237060629936,-48.449455737720385,-45.11154162677359,-41.70758248111369,-38.257995361496356,-34.78354283155626,-31.304350433994955,-27.840554508478903,-24.41263689755361,-21.041165819484306,-17.74656913199165,-14.548356950773965,-11.465467152386196,-8.515844292606232,-5.7163424337501,-3.0829302870064055,-0.6308099790509516,1.6254965722334305,3.6727198969002757,5.498303124691091,7.0908122697041165,8.439493554830563,9.536314038133781,10.37415851969945,10.948999731594284,11.258807844404146,11.318569045505512,11.318569045505512,11.318569045505512,11.318569045505512,11.318569045505512,11.318569045505512,11.318569045505512,11.318569045505512,11.318569045505512,11.318569045505512,11.318569045505512,11.318569045505512,11.318569045505512,11.318569045505512,11.318569045505512,11.318569045505512,11.318569045505512,11.318569045505512,11.318569045505512,11.318569045505512,11.318569045505512,11.318569045505512,11.318569045505512,11.318569045505512,11.318569045505512,11.318569045505512,11.318569045505512,11.318569045505512,11.318569045505512,11.318569045505512,11.318569045505512,11.318569045505512,11.318569045505512,14.101940238698518,17.58266580528536,21.06334818401234,24.54407375059921,28.02479931718608,31.50552488377295,34.98625045035979,38.46697601694666,41.94770158353353,45.4284271501204,48.90915271670724,52.38987828329411,55.87056066202109,59.35128622860796,62.83201179519483,66.31273736178167,69.79346292836854,73.27418849495541,76.75491406154228,79.247199079181,79.247199079181,79.247199079181,79.247199079181,79.247199079181,79.247199079181,79.247199079181,79.247199079181,79.247199079181,79.247199079181,79.247199079181,79.247199079181,79.247199079181,79.247199079181,79.247199079181,79.247199079181,79.17442753529244,75.6937019687056,72.21297640211873,68.73225083553186,65.25156845680488,61.770842890218006,58.290117323631165,54.809391757044295,51.328666190457426,47.84794062387056,44.367215057283715,40.886489490696846,37.405763924109976,33.925081545382994,30.444355978796125,26.963630412209284,23.482904845622414,20.002179279035545,16.521453712448675,13.040728145861834,9.560002579274965,6.079277012688095,2.5985946339611132,-0.8821309326257563,-4.362856499212597,-7.843582065799467],
    "y":[-107.54998650379378,-104.0692663356894,-100.58854616758502,-97.1078233002394,-93.62710583137627,-90.1463802647894,-86.66566009668503,-83.18493992858066,-79.70421976047628,-76.2234995923719,-72.74277942426752,-69.26205925616314,-65.78133368957629,-62.30061891995439,-58.81989335336753,-55.33917318526315,-51.85845301715878,-48.37773824753688,-44.89701268095001,-41.41628711436316,-37.93557234474126,-34.454846778154405,-30.974132008532507,-27.493406441945652,-24.012680875358782,-20.5319661057369,-17.051251336115,-13.570525769528132,-10.089800202941262,-6.609085433319393,-3.1283598667325236,0.352354902889374,3.8330804694762435,7.313795239098113,10.794520805684982,14.275246372271852,17.75596114189375,21.23668670848062,22.328983263461964,20.808306326385264,19.53243977300724,18.508930681841008,17.74390093202379,17.24178807615766,17.005539685679082,17.040500258247505,17.34253455627993,17.909396811062948,18.73980218376522,19.828816461396116,21.17055529804776,22.755852070461714,24.574590022462445,26.615594295307346,28.8660920794386,31.312587168645393,33.940795178274215,36.73555716950912,39.68112037046089,42.76034999772429,45.95536627731127,49.24749045982611,52.61689931758639,56.04348890182055,59.506529039788774,62.98552709198066,66.46042229748446,69.91098114394899,73.31666780400386,76.65675210490934,79.91143241291297,83.06110143963173,86.08753390819851,88.97328192322408,91.7017397525866,94.25712223350203,96.62483186933272,98.7908973874093,100.74225446011968,102.46668092311941,103.95301271463092,105.19207241443087,106.1756543291431,106.89840316414319,107.35658316955195,107.54999999999998,107.48023001237272,107.1462366980331,106.54732905122322,105.68577443458645,104.56552453730129,103.1941804227057,101.58009894168535,99.73375315025984,97.66684695845518,95.39207759707446,92.92294127232844,90.2737115719057,87.45978496785148,84.49722734403909,81.40316268690881,78.1953196129391,74.89287353191423,71.51541013828736,68.08337888370903,64.61735878340943,61.13764813152963,57.65692256494276,54.17619699835589,50.69547143176902,47.21474586518218,43.73402029859531,40.25329473200844,36.7725691654216,33.29188678669459,29.81116122010775,26.33043565352088,22.84971008693401,19.36898452034714,15.8882589537603,12.40753338717343,8.92680782058656,5.44608225399972,1.965399875272709,-1.515325691314132,-4.9960512579010015,-8.476776824487871,-11.957502391074712,-15.438227957661582,-18.91895352424845,-22.399679090835306,-25.880404657422176,-29.361087036149158,-32.84181260273603,-36.32253816932288,-39.80326373590975,-43.28398930249661,-46.76471486908346,-50.24544043567033,-50.942794809064196,-50.942794809064196,-50.942794809064196,-50.942794809064196,-50.942794809064196,-50.942794809064196,-50.942794809064196,-50.942794809064196,-50.942794809064196,-50.942794809064196,-50.942794809064196,-50.942794809064196,-50.942794809064196,-50.942794809064196,-50.942794809064196,-50.942794809064196,-50.942794809064196,-50.942794809064196,-50.942794809064196,-51.9312353580123,-55.41196092459917,-58.89264330332615,-62.37336886991302,-65.85409443649988,-69.33482000308673,-72.8155455696736,-76.29627113626046,-79.77699670284733,-83.2577222694342,-86.73844783602104,-90.21913021474803,-93.69985578133489,-97.18058134792176,-100.66130691450863,-104.14203248109548,-107.54999999999998,-107.54999999999998,-107.54999999999998,-107.54999730075875,-107.54999730075875,-107.54999730075875,-107.54999730075875,-107.54999730075875,-107.54999730075875,-107.54999460151751,-107.54999460151751,-107.54999460151751,-107.54999460151751,-107.54999460151751,-107.54999190227626,-107.54999190227626,-107.54999190227626,-107.54999190227626,-107.54999190227626,-107.54998920303503,-107.54998920303503,-107.54998920303503,-107.54998920303503,-107.54998920303503,-107.54998650379378,-107.54998650379378]
}
